Canonical Smiles,Standard Type,Standard Value,Standard Units,pChEMBL Value,#Ro5 Violations,Molecular Weight,Ligand Efficiency BEI,Ligand Efficiency LE,Ligand Efficiency LLE,Ligand Efficiency SEI,ALogP
Oc1ccccc1c2ccc(C#N)c(c2)C(F)(F)F,IC50,0.02,nM,10.7,0,263.22,,,,,3.95
CCC(C)N(C)c1cc(c(cn1)C#N)C(F)(F)F,IC50,7,nM,8.15,0,257.26,31.7,0.62,4.94,20.43,3.21
CC1(C)NC(=O)N(C1=O)c2ccc(C#N)c(c2)C(F)(F)F,IC50,6,nM,8.22,0,297.24,27.66,0.53,5.81,11.23,2.41
CC1CCNc2cc3OC(=O)C=C(c3cc12)C(F)(F)F,IC50,1,nM,9,0,283.25,31.77,0.61,5.27,21.31,3.73
[O-][N+](=O)c1ccc(NC(CC(=O)c2ccc(Cl)cc2)c3occc3)cc1,IC50,2.9,nM,8.54,1,370.79,23.03,0.45,3.27,10,5.27
CC[C@H]1C[C@]2(C)[C@@H](O)CCC2C3CCC4=CC(=O)CCC4=C13,IC50,2,nM,8.7,0,300.44,28.95,0.54,4.51,23.32,4.19
CC#C[C@]1(O)CC[C@H]2[C@@H]3CCC4=CC(=O)CCC4=C3[C@H](C[C@]12C)c5ccc(cc5)N(C)C,IC50,2.2,nM,8.66,1,429.6,20.15,0.37,3.25,21.36,5.41
CCCOC(=O)N1C[C@@]2(C)O[C@@](C)(C1)[C@H]3[C@@H]2C(=O)N(C3=O)c4ccc(C#N)c(c4)C(F)(F)F,IC50,9.3,nM,8.03,0,465.43,,,,,3.09
C[C@](O)(COc1ccc(cc1F)C#N)C(=O)N2CCc3c(cccc23)C#N,IC50,3.2,nM,8.49,0,365.36,23.25,0.43,6.2,8.73,2.29
C[C@](O)(COc1ccc(Br)cc1)C(=O)N2CCc3c(cccc23)C#N,IC50,2.4,nM,8.62,0,401.26,21.48,0.47,5.58,11.72,3.04
CC(=O)O[C@@]1(CCC2C3C=C(Cl)C4=CC(=O)[C@@H]5CC5[C@]4(C)C3CC[C@]12C)C(=O)C,IC50,4.7,nM,8.33,0,416.95,19.97,0.39,3.72,13.78,4.61
CC1(C)NC(=O)N(C1=O)c2ccc(c(c2)C(F)(F)F)[N+](=O)[O-],IC50,9,nM,8.05,0,317.22,25.36,0.5,5.6,8.69,2.45
CCCCCCCCCC[C@H]1C[C@]2(C)[C@@H](O)CCC2C3CCC4=CC(=O)CCC4=C13,IC50,0.8,nM,9.1,1,412.66,22.04,0.41,1.79,24.39,7.31
C[C@]12CCC3C(CCC4=CC(=O)CC[C@]34C=C)C1CC[C@@H]2O,IC50,7.9,nM,8.1,0,300.44,26.97,0.5,4.05,21.72,4.05
CC1(C)CCc2cc3C(=CC(=O)Oc3cc2N1)C(F)(F)F,IC50,1,nM,9,0,297.28,30.27,0.59,5.05,21.31,3.95
Oc1ccccc1c2ccc(C#N)c(c2)C(F)(F)F,IC50,0.02,nM,10.7,0,263.22,,,,,3.95
CCOc1ccc2OC(=O)c3c(ccc4NC(=O)C=C(C)c34)c2c1OC,IC50,10,nM,8,0,351.36,22.77,0.42,4.5,9.81,3.5
COc1c(O)ccc2OC(=O)c3c(ccc4NC(=O)C=C(C)c34)c12,IC50,0.2,nM,9.7,0,323.3,30,0.55,6.89,10.48,2.81
[O-][N+](=O)c1ccc(cc1C(F)(F)F)N2C(=O)[C@@H]3[C@@H]4CC[C@@H](C4)[C@@H]3C2=O,IC50,10,nM,8,0,354.28,,,,,3.15
FC(F)(F)C1CCNc2cc3OC(=O)C=C(c3cc12)C(F)(F)F,IC50,2,nM,8.7,0,337.22,25.8,0.52,4.43,20.59,4.27
CCC1CCc2cc3C(=CC(=O)Oc3cc2N1)C(F)(F)F,IC50,1,nM,9,0,297.28,30.27,0.59,5.05,21.31,3.95
Cc1cc(c(C)n1Cc2ccccc2)c3ccc(cc3)[N+](=O)[O-],IC50,6.7,nM,8.17,0,306.37,26.68,0.49,3.44,17,4.73
Cc1nn(c(C)c1Cc2ccc(F)cc2)c3ccc(C#N)c(c3)C(F)(F)F,IC50,1.4,nM,8.85,1,373.35,23.71,0.45,3.74,21.28,5.11
FC(F)(F)CN(CC(F)(F)F)c1ccc2NC(=O)C=Cc2c1,IC50,1,nM,9,0,324.22,,,,,3.46
CC1(C)CCCN1c2ccc(C#N)c3ccccc23,IC50,7,nM,8.15,0,250.34,32.58,0.59,4.06,30.17,4.09
[O-][N+](=O)c1ccc(N2CCCC2)c3ccccc13,IC50,2.5,nM,8.6,0,242.28,35.5,0.65,5.25,18.55,3.35
CC[C@H]1CCCN1c2ccc(C#N)c3ccccc23,IC50,1.1,nM,8.96,0,250.34,35.79,0.64,4.87,33.14,4.09
CC(C)[C@H]1CCCN1c2ccc(C#N)c3ccccc23,IC50,1.4,nM,8.85,0,264.37,33.49,0.6,4.51,32.76,4.34
C[C@H]1[C@H](O)CCN1c2ccc(C#N)c3ccccc23,IC50,2.4,nM,8.62,0,252.32,34.16,0.62,5.95,18.24,2.67
C[C@]12CC[C@H]3[C@@H](CC[C@H]4CC(=O)CC[C@]34C)[C@@H]1CC[C@@H]2O,IC50,1.82,nM,8.74,0,290.45,30.09,0.57,4.78,23.43,3.96
CC[C@@H]1[C@H](C)CNc2cc3OC(=O)C=C(c3cc12)C(F)(F)F,IC50,2,nM,8.7,0,311.3,27.94,0.54,4.33,20.59,4.37
Cc1ccc(cc1C)N2C(=O)[C@@H]3C4CC(C=C4)[C@@H]3C2=O,IC50,10,nM,8,0,267.33,,,,,2.61
Cc1cccc(C)c1Oc2ccc(C#N)c(c2)C(F)(F)F,IC50,10,nM,8,0,291.27,27.47,0.52,3.01,24.23,4.99
CC1=CC(=O)Nc2ccc3c(C(=O)Oc4cccc(C(=O)OC(C)(C)C)c34)c12,IC50,1.9,nM,8.72,0,377.4,23.11,0.43,4.67,9.76,4.05
COc1ccc2OC(=O)c3c(ccc4NC(=O)C=C(C)c34)c2c1,IC50,0.8,nM,9.1,0,307.31,29.6,0.54,6,12.58,3.1
COc1ccc(cc1)c2ccc(C#N)c(c2)C(F)(F)F,IC50,0.8,nM,9.1,0,277.25,,,,,4.25
COC[C@@]1(CC[C@H]2[C@@H]3CCC4=CC(=O)CCC4=C3[C@H](C[C@]12C)c5ccc(\C=N\O)cc5)OC,IC50,6.1,nM,8.21,1,449.59,18.27,0.34,2.78,12.06,5.43
C[C@]12CN(C[C@](C)(O1)[C@H]3[C@@H]2C(=O)N(C3=O)c4ccc(C#N)c(c4)C(F)(F)F)c5cccc(c5)S(=O)(=O)C,IC50,7.4,nM,8.13,1,533.53,,,,,3.15
CC1(C)N(CCCS(=O)(=O)N)C(=S)N(C1=O)c2ccc(C#N)c(Cl)c2,IC50,10,nM,8,0,400.91,,,,,1.6
OC1=CC(=O)Nc2ccc(cc12)N(CC(F)(F)F)CC(F)(F)F,IC50,7,nM,8.15,0,340.22,,,,,3.16
CC(C)C1=CC(=O)Nc2ccc(cc12)N(CC(F)(F)F)CC(F)(F)F,IC50,2,nM,8.7,0,366.31,,,,,4.58
FC(F)(F)C1=CC(=O)Oc2cc3NCCC(c3cc12)C(F)(F)C(F)(F)F,IC50,5,nM,8.3,0,387.23,21.44,0.44,3.39,19.65,4.91
CC1(C)CNc2cc3nc(O)cc(c3cc12)C(F)(F)F,IC50,10,nM,8,0,282.26,,,,,3.66
CCCCCCCC[C@H]1C[C@]2(C)[C@@H](O)CCC2C3CCC4=CC(=O)CCC4=C13,IC50,6.6,nM,8.18,1,384.6,21.27,0.4,1.65,21.93,6.53
OC(C=C)(c1nc2cc(Cl)c(Cl)cc2[nH]1)C(F)(F)F,IC50,7,nM,8.15,0,311.09,26.21,0.59,4.34,16.67,3.81
CC12C[C@H](O)C(C)(O1)[C@H]3[C@@H]2C(=O)N(C3=O)c4ccc(C#N)c(I)c4,IC50,10,nM,8,0,438.22,,,,,1.58
CCC1Nc2cc3OC(=O)C=C(c3cc2CC1C)C(F)(F)F,IC50,7,nM,8.15,0,311.3,26.2,0.51,3.96,19.31,4.19
COC[C@@]1(CC[C@H]2[C@@H]3CCC4=CC(=O)CCC4=C3[C@H](C[C@]12C)c5ccc(\C=N\O)cc5)OC,IC50,9,nM,8.05,1,449.59,,,,,5.43
COc1c(O)ccc2OCc3c(ccc4NC(=O)C=C(C)c34)c12,IC50,1.2,nM,8.92,0,309.32,28.84,0.53,5.81,12.47,3.11
CC12CCC(C)(O1)[C@H]3[C@@H]2C(=O)N(C3=O)c4ccc(C#N)c(c4)C(F)(F)F,IC50,7,nM,8.15,0,364.32,,,,,3.02
CCCCC[C@H]1C[C@]2(C)[C@@H](O)CCC2C3CCC4=CC(=O)CCC4=C13,IC50,0.1,nM,10,1,342.52,29.2,0.55,4.64,26.81,5.36
CCCCCCCC[C@H]1C[C@]2(C)[C@@H](O)CCC2C3CCC4=CC(=O)CCC4=C13,IC50,0.9,nM,9.05,1,384.6,23.52,0.44,2.52,24.25,6.53
CCCCCCCCCCCC[C@H]1C[C@]2(C)[C@@H](O)CCC2C3CCC4=CC(=O)CCC4=C13,IC50,0.2,nM,9.7,1,440.71,22.01,0.41,1.61,26,8.09
CC1(C)NC(=O)N(C1=O)c2ccc(C#N)c(c2)C(F)(F)F,IC50,6,nM,8.22,0,297.24,27.66,0.53,5.81,11.23,2.41
CC(C)C(O)(c1nc2cc(Cl)c(Cl)cc2[nH]1)C(F)(F)F,IC50,2,nM,8.7,0,327.13,26.59,0.59,4.42,17.79,4.28
CCCN(CC1CC1)c2cc(c(cn2)C#N)C(F)(F)F,IC50,0.8,nM,9.1,0,283.3,32.11,0.62,5.5,22.79,3.6
CC[C@H]1[C@H](C)CNc2cc3OC(=O)C=C(c3cc12)C(F)(F)F,IC50,0.3,nM,9.52,0,311.3,30.59,0.59,5.15,22.54,4.37
FC(F)(F)c1cc(ccc1C#N)c2ccccc2Cl,IC50,9.8,nM,8.01,0,281.66,28.43,0.58,3.11,33.66,4.9
Cc1nn(c(C)c1Cc2ccc(F)cc2)c3ccc(C#N)c(Cl)c3,IC50,0.47,nM,9.33,0,339.8,27.45,0.53,4.59,22.42,4.74
FC(F)(F)c1cccc(c1)N2C(=O)[C@@H]3C4CCC(C=C4)[C@@H]3C2=O,IC50,0.4,nM,9.4,0,321.3,,,,,3.41
CCCCN(C)c1cc(c(cn1)C#N)C(F)(F)F,IC50,3.8,nM,8.42,0,257.26,32.73,0.64,5.21,21.09,3.21
CCC1CC(CC)c2cc3C(=CC(=O)Oc3cc2N1)C(F)(F)F,IC50,7,nM,8.15,0,325.33,25.07,0.48,3.25,19.31,4.9
CCC1CCNc2cc3OC(=O)C=C(c3cc12)C(F)(F)F,IC50,1,nM,9,0,297.28,30.27,0.59,4.88,21.31,4.12
COc1c(ccc2OC(=O)c3c(ccc4NC(=O)C=C(C)c34)c12)C(=O)OC(F)(F)F,IC50,0.2,nM,9.7,0,419.31,23.13,0.44,5.92,9.84,3.78
CC12CCC(C)(O1)[C@H]3[C@@H]2C(=O)N(C3=O)c4ccc(C#N)c(I)c4,IC50,7,nM,8.15,0,422.22,,,,,2.61
CCCC1CCNc2cc3OC(=O)C=C(c3cc12)C(F)(F)F,IC50,5,nM,8.3,0,311.3,26.67,0.52,3.79,19.65,4.51
C[C@H]1[C@@H](O)CCN1c2ccc(C#N)c(Cl)c2C,IC50,0.72,nM,9.14,0,250.73,36.46,0.73,6.66,19.35,2.48
CC[C@H]1[C@@H](O)CC(=O)N1c2ccc(C#N)c(c2)C(F)(F)F,IC50,3.6,nM,8.44,0,298.26,28.31,0.55,5.99,13.13,2.45
CN1CCN(CC1)OC(=O)N[C@@H]2C[C@@]3(C)O[C@]2(C)[C@H]4[C@@H]3C(=O)N(C4=O)c5ccc(C#N)c(c5)C(F)(F)F,IC50,6,nM,8.22,1,521.5,15.77,0.3,6.33,7.14,1.89
CC1=CC(=O)Nc2ccc3c(COc4cccc(CO)c34)c12,IC50,0.3,nM,9.52,0,293.32,32.47,0.59,6.63,15.28,2.89
COc1c(OC(C)C)ccc2OC(=O)c3c(ccc4NC(=O)C=C(C)c34)c12,IC50,2.8,nM,8.55,0,365.39,23.41,0.43,4.66,10.49,3.89
CC[C@H]1[C@@H](O)CC(=O)N1c2ccc(C#N)c(OC)c2,IC50,9.2,nM,8.04,0,260.29,30.87,0.58,6.6,10.92,1.44
C[C@H]1[C@@H](O)[C@H](Cc2ccccc2)C(=O)N1c3ccc(C#N)c(Cl)c3,IC50,6,nM,8.22,0,340.81,24.12,0.47,5.05,12.78,3.17
C[C@]12CC[C@H]3[C@@H](CCC4=CC(=O)CC[C@]34C)[C@@H]1CC[C@@H]2O,IC50,2.7,nM,8.57,0,288.43,29.71,0.56,4.69,22.97,3.88
CO[C@H]1[C@@H]2[C@@H](O)CCN2N=C1c3ccc(C#N)c(Cl)c3C,IC50,0.7,nM,9.15,0,305.76,29.94,0.6,7.46,13.3,1.69
C[C@]12CC[C@H]3[C@@H](CCC4=CC(=O)CC[C@]34C)[C@@H]1CC[C@@H]2O,IC50,4.27,nM,8.37,0,288.43,29.02,0.54,4.49,22.44,3.88
CCCC(C)N1CC(C)(C)C(Oc2ccc(C#N)c(c2)C(F)(F)F)C1=O,IC50,6,nM,8.22,0,368.4,,,,,4.38
C[C@]1(O)CC[C@H]2[C@@H]3CCC4=CC(=O)CCC4=C3C=C[C@]12C,IC50,7,nM,8.15,0,284.4,28.67,0.53,4.43,21.86,3.72
Oc1cccc2OCc3c(ccc4NC(=O)C=C(c34)C(F)(F)F)c12,IC50,1.1,nM,8.96,0,333.26,26.88,0.51,5.15,14.38,3.81
Cc1c(C#N)c(c(C)n1Cc2ccccc2)c3ccc(cc3)C#N,IC50,1.4,nM,8.85,0,311.39,28.43,0.5,4.29,16.86,4.56
C[C@H]1CC2[C@H](CC[C@@]3(C)[C@H]2CC[C@]3(CC(=O)C)C(=O)C)[C@@]4(C)CCC(=O)C=C14,IC50,6.1,nM,8.21,1,384.56,,,,,5.32
C[C@@H]1Cc2cc3c(cc(O)nc3cc2N1)C(F)(F)F,IC50,7,nM,8.15,0,268.24,,,,,3.32
C[C@]12CC[C@H]3[C@@H](CC[C@H]4CC(=O)CC[C@]34C)[C@@H]1CC[C@@H]2O,IC50,10,nM,8,0,290.45,27.54,0.52,4.04,21.45,3.96
C[C@]12CC[C@H]3[C@@H](CC[C@H]4CC(=O)CC[C@]34C)[C@@H]1CC[C@@H]2O,IC50,1,nM,9,0,290.45,30.99,0.59,5.04,24.13,3.96
C[C@]12CC[C@H]3[C@@H](CC[C@H]4CC(=O)CC[C@]34C)[C@@H]1CC[C@@H]2O,IC50,2.1,nM,8.68,0,290.45,29.88,0.56,4.72,23.26,3.96
COc1cc(SC(C)C)ccc1C#N,IC50,10,nM,8,0,207.3,,,,,3.07
C[C@]12CC[C@H]3[C@@H](CCC4=CC(=O)CC[C@]34C=C)[C@@H]1CC[C@@H]2O,IC50,7.9,nM,8.1,0,300.44,26.97,0.5,4.05,21.72,4.05
CN1[C@@H]2CC[C@H]3[C@@H]4CC[C@H](O)[C@@]4(C)CC[C@@H]3[C@@]2(C)C=CC1=O,IC50,7,nM,8.15,0,303.45,26.87,0.51,5.16,20.12,2.99
CNC(=O)c1ccc(cc1)[C@]2(O)CCN([C@H]2C)c3ccc(C#N)c(Cl)c3,IC50,8.6,nM,8.07,0,369.85,21.81,0.42,5.01,10.56,3.06
CC1(C)CCc2cc3c(cc(nc3cc2N1)C#N)C(F)(F)F,IC50,9,nM,8.05,0,305.3,,,,,4.26
C[C@H]1CCCN1c2ccc(C#N)c3ccccc23,IC50,0.84,nM,9.08,0,236.32,38.4,0.69,5.38,33.58,3.7
C[C@](O)(COc1ccc(Cl)cc1Cl)C(=O)N2CCc3c(cccc23)C#N,IC50,9.1,nM,8.04,0,391.25,20.55,0.42,4.46,10.93,3.58
C[C@]12CN(C[C@](C)(O1)[C@H]3[C@@H]2C(=O)N(C3=O)c4ccc(C#N)c(c4)C(F)(F)F)c5cccc(c5)C(=O)N,IC50,7.4,nM,8.13,0,498.46,,,,,2.85
C[C@@H]1N(CC[C@@]1(O)c2ccc(F)cc2)c3ccc(C#N)c(Cl)c3,IC50,8,nM,8.1,0,330.79,24.48,0.48,4.26,17.13,3.84
C[C@]12CC[C@H]3[C@@H](CCC4=CC(=O)CC[C@]34C)[C@@H]1CC[C@@H]2O,IC50,4.571,nM,8.34,0,288.43,28.92,0.54,4.46,22.36,3.88
Cc1c(C#N)c(c(C)n1Cc2cccnc2)c3ccc(cc3)C#N,IC50,3.4,nM,8.47,0,312.38,27.11,0.48,4.51,12.95,3.96
C[C@]12CCC3=C4CCC(=O)C=C4CC[C@H]3[C@@H]1CC[C@@H]2O,IC50,0.2,nM,9.7,0,272.39,35.61,0.66,6.15,26,3.55
Cc1cc(O)ccc1c2ccc(C#N)n2C,IC50,3.7,nM,8.43,0,212.25,39.73,0.72,5.85,17.23,2.58
C[C@]12C[C@@H](NS(=O)(=O)c3cccnc3)[C@](C)(O1)[C@H]4[C@@H]2C(=O)N(C4=O)c5ccc(C#N)c(c5)C(F)(F)F,IC50,7,nM,8.15,1,520.49,15.67,0.31,5.77,6.3,2.38
CCCCN1CC(C)(C)C(Oc2ccc(C#N)c(c2)C(F)(F)F)C1=O,IC50,10,nM,8,0,354.37,,,,,3.99
FC(F)(F)CN(C(=O)C(F)(F)F)c1ccc2NC(=O)C=C(c2c1)C(F)(F)F,IC50,4.1,nM,8.39,0,406.2,,,,,4
C[C@](O)(COc1ccc(Cl)cc1F)C(=O)N2CCc3c(cccc23)C#N,IC50,5,nM,8.3,0,374.8,22.15,0.44,5.23,11.28,3.07
CC#C[C@]1(O)CC[C@H]2[C@@H]3CCC4=CC(=O)CCC4=C3[C@H](C[C@]12C)c5ccc(cc5)N(C)C,IC50,10,nM,8,1,429.6,,,,,5.41
C[C@H]1[C@@H](O)CC(=O)N1c2ccc(C#N)c(Cl)c2,IC50,7.8,nM,8.11,0,250.69,32.34,0.65,6.41,12.6,1.7
C[C@]12CC[C@H]3[C@@H](CCC4=CC(=O)CC[C@]34C)[C@@H]1CC[C@@H]2O,IC50,4.17,nM,8.38,0,288.43,29.05,0.54,4.5,22.47,3.88
Cc1c(Cl)c(ccc1N2C3CCC2CC(C)(O)C3)C#N,IC50,2.11,nM,8.68,0,290.79,29.83,0.59,5.28,18.36,3.4
N#Cc1ccc(N2CCCC2)c3ccccc13,IC50,2.5,nM,8.6,0,222.29,38.7,0.69,5.29,31.82,3.31
CN1C(=O)N(C(=O)[C@@]1(C)c2ccc(O)cc2)c3ccc(C#N)c(c3)C(F)(F)F,IC50,9.6,nM,8.02,0,389.33,20.59,0.39,4.42,9.47,3.6
COC(=O)c1c(C)n(Cc2ccccc2)c(C)c1c3ccc(cc3)[N+](=O)[O-],IC50,5,nM,8.3,0,364.4,22.78,0.42,3.78,11.16,4.52
C[C@H]1[C@@H](O)CCN1c2ccc(C#N)c3ccccc23,IC50,2.2,nM,8.66,0,252.32,34.31,0.62,5.99,18.32,2.67
C[C@H]1[C@H](CCN1c2ccc(C#N)c3ccccc23)C(C)(C)O,IC50,1.4,nM,8.85,0,294.4,30.07,0.55,5.15,18.73,3.7
Cn1c(ccc1c2ccc(O)cc2C#N)C#N,IC50,6.8,nM,8.17,0,223.24,36.59,0.66,6.03,11.23,2.14
C[C@H]1[C@@H](O)CCN1c2ccc(C#N)c(Cl)c2C,IC50,0.19,nM,9.72,0,250.73,38.77,0.78,7.24,20.57,2.48
C[C@]12C[C@H](O)[C@](C)(O1)[C@H]3[C@@H]2C(=O)N(C3=O)c4ccc(C#N)c(I)c4,IC50,10,nM,8,0,438.22,18.26,0.46,6.42,8.83,1.58
COc1ccc(OC[C@](C)(O)C(=O)N2CCc3c(cccc23)C#N)c(Cl)c1,IC50,3.5,nM,8.46,0,386.83,21.86,0.43,5.52,10.21,2.94
CC[C@H]1[C@@H](O)CC(=O)N1c2ccc(C#N)c(Cl)c2,IC50,3.9,nM,8.41,0,264.71,31.77,0.64,6.32,13.07,2.09
Cn1c(ccc1c2ccc(O)c3CCCc23)C#N,IC50,8.1,nM,8.09,0,238.29,33.96,0.61,5.33,16.53,2.76
C[C@@H]1N(CC[C@]1(C)O)c2ccc(C#N)c(Cl)c2C,IC50,0.2,nM,9.7,0,264.76,36.63,0.74,6.83,20.52,2.87
Cc1c(Cl)c(ccc1N2C3CCC2CC(C)(O)C3)C#N,IC50,2.11,nM,8.68,0,290.79,29.83,0.59,5.28,18.36,3.4
C[C@]12CCC3C(CCC4=CC(=O)CCC34)C1C5CC5[C@@]26CCC(=O)O6,IC50,6,nM,8.22,0,340.46,24.15,0.45,4.16,18.96,4.06
N#C[C@H]1CCCN1c2ccc(C#N)c3ccccc23,IC50,1,nM,9,0,247.3,36.39,0.65,5.8,17.71,3.2
C[C@H]1C[C@@H]2[C@H](CC[C@@]3(C)[C@H]2CC[C@]3(OC(=O)C)C(=O)C)[C@@]4(C)CCC(=O)C=C14,IC50,6.1,nM,8.21,0,386.53,21.25,0.4,3.55,13.59,4.66
C[C@]12CC[C@H]3[C@@H](CC[C@H]4CC(=O)CC[C@]34C)[C@@H]1CC[C@@H]2O,IC50,0.67,nM,9.17,0,290.45,31.59,0.6,5.21,24.59,3.96
FC(F)(F)C1=CC(=O)Oc2cc3NCCCc3cc12,IC50,1,nM,9,0,269.22,33.43,0.65,5.83,21.31,3.17
Cc1cc(ccc1O)c2ccc(C#N)n2C,IC50,2.9,nM,8.54,0,212.25,40.22,0.73,5.96,17.44,2.58
Cn1c(ccc1c2ccc(O)cc2)C#N,IC50,6.3,nM,8.2,0,198.22,41.37,0.75,5.93,16.75,2.27
C[C@]12C[C@@H](NS(=O)(=O)c3ccccc3)[C@](C)(O1)[C@H]4[C@@H]2C(=O)N(C4=O)c5ccc(C#N)c(c5)C(F)(F)F,IC50,1,nM,9,1,519.5,17.32,0.34,6.02,7.72,2.98
Cn1c(ccc1c2c(F)cc(O)cc2F)C#N,IC50,1.6,nM,8.8,0,234.21,37.56,0.71,6.25,17.97,2.55
Cn1c(ccc1c2ccc(O)cc2F)C#N,IC50,3.2,nM,8.49,0,216.22,39.29,0.73,6.08,17.35,2.41
CCc1cc(ccc1O)c2ccc(C#N)n2C,IC50,7.1,nM,8.15,0,226.28,36.01,0.65,5.32,16.65,2.83
CC[C@H]1[C@H](O)CC(=O)N1c2ccc(C#N)c(Cl)c2,IC50,3.4,nM,8.47,0,264.71,31.99,0.64,6.38,13.16,2.09
CC(C)C[C@H]1[C@@H](O)CC(=O)N1c2ccc(C#N)c(Cl)c2,IC50,5.5,nM,8.26,0,292.77,28.21,0.56,5.54,12.84,2.72
C[C@H]1[C@@H](O)C(F)(F)C(=O)N1c2ccc(C#N)c(Cl)c2,IC50,1.1,nM,8.96,0,286.67,31.25,0.64,7.02,13.93,1.94
C[C@@H]1N(CC[C@]1(C)O)c2ccc(C#N)c(F)c2C,IC50,1,nM,9,0,248.3,36.25,0.68,6.64,19.04,2.36
C[C@](O)(COc1ccc(cc1Br)C#N)C(=O)N2CCc3c(cccc23)C#N,IC50,4.8,nM,8.32,0,426.27,19.52,0.42,5.41,8.55,2.91
C[C@](O)(COc1ccc(F)cc1C#N)C(=O)N2CCc3c(cccc23)C#N,IC50,9.1,nM,8.04,0,365.36,22.01,0.41,5.75,8.26,2.29
C[C@]12C[C@@H](NS(=O)(=O)c3ccccc3F)[C@](C)(O1)[C@H]4[C@@H]2C(=O)N(C4=O)c5ccc(C#N)c(c5)C(F)(F)F,IC50,10,nM,8,1,537.49,14.88,0.3,4.88,6.86,3.12
CC#C[C@]1(O)CC[C@H]2[C@@H]3CCC4=CC(=O)CCC4=C3[C@H](C[C@]12C)c5ccc(cc5)N(C)C,IC50,8.3,nM,8.08,1,429.6,,,,,5.41
C[C@](O)(COc1ccccc1F)C(=O)N2CCc3c(cccc23)C#N,IC50,10.1,nM,8,0,340.35,23.49,0.44,5.58,10.87,2.42
C[C@H]1[C@@H](O)CCN1c2ccc(C#N)c(Cl)c2C,IC50,0.72,nM,9.14,0,250.73,36.46,0.73,6.66,19.35,2.48
C[C@@H]1N(CC[C@]1(C)O)c2ccc(C#N)c(Cl)c2,IC50,0.32,nM,9.49,0,250.73,37.87,0.76,6.93,20.09,2.56
CC[C@H]1[C@@H](O)CC(=O)N1c2ccc(C#N)c(Cl)c2C,IC50,9,nM,8.05,0,278.74,28.86,0.58,5.65,12.51,2.4
C[C@H]1[C@@H](O)[C@H](C)C(=O)N1c2ccc(C#N)c(Cl)c2,IC50,1.3,nM,8.89,0,264.71,33.57,0.67,6.95,13.81,1.94
C[C@@H]1N(CC[C@]1(C)O)c2ccc(C#N)c(Cl)c2C,IC50,0.49,nM,9.31,0,264.76,35.16,0.71,6.44,19.7,2.87
CC[C@H]1[C@@H](O)[C@H](C)C(=O)N1c2ccc(C#N)c(Cl)c2,IC50,1.8,nM,8.74,0,278.74,31.37,0.63,6.41,13.59,2.33
CCOC(=O)c1c(C)n(Cc2ccccc2)c(C)c1c3ccc(cc3)[N+](=O)[O-],IC50,5.5,nM,8.26,0,378.43,21.83,0.4,3.35,11.11,4.91
COC(=O)c1c(C)n(Cc2ccccc2)c(C)c1c3ccc(C#N)c(c3)C(F)(F)F,IC50,3.9,nM,8.41,1,412.41,20.39,0.38,2.91,15.28,5.5
Cc1c(C#N)c(c(C)n1Cc2ccc(Cl)nc2)c3ccc(cc3)C#N,IC50,9,nM,8.05,0,346.82,23.2,0.44,3.44,12.3,4.61
C[C@H]1[C@@H](CO)CCN1c2ccc(C#N)c3ccccc23,IC50,4.1,nM,8.39,0,266.34,31.49,0.57,5.47,17.75,2.92
COC(=O)[C@H]1CCN([C@H]1C)c2ccc(C#N)c3ccccc23,IC50,7.5,nM,8.12,0,294.35,27.6,0.5,5.02,15.24,3.1
FC(F)(F)c1cccc(c1)N2C(=O)[C@@H]3C4CCC(C4)[C@@H]3C2=O,IC50,7,nM,8.15,0,309.29,,,,,3.24
C[C@@H]1N(CC[C@]1(C)O)c2ccc(C#N)c(Cl)c2,IC50,0.52,nM,9.28,0,250.73,37.03,0.75,6.72,19.64,2.56
C[C@]12CC[C@H]3[C@@H](CC[C@H]4CC(=O)CC[C@]34C)[C@@H]1CC[C@@H]2O,IC50,4,nM,8.4,0,290.45,28.91,0.55,4.44,22.51,3.96
CC[C@H]1[C@H](O)[C@H](C)N(C1=O)c2ccc(C#N)c(Cl)c2,IC50,3.2,nM,8.49,0,278.74,30.48,0.61,6.16,13.21,2.33
C[C@@H]1N(CC[C@]1(C)O)c2ccc(C#N)c(F)c2C,IC50,1,nM,9,0,248.3,36.25,0.68,6.64,19.04,2.36
C[C@]12CC[C@H]3[C@@H](CCC4=CC(=O)CC[C@]34C)[C@@H]1CC[C@@H]2O,IC50,2.7,nM,8.57,0,288.43,29.71,0.56,4.69,22.97,3.88
C[C@]12CC[C@H]3[C@@H](CCC4=CC(=O)CC[C@]34C=C)[C@@H]1CC[C@@H]2O,IC50,7.9,nM,8.1,0,300.44,26.97,0.5,4.05,21.72,4.05
C[C@]12CC[C@H]3[C@@H](CC[C@H]4CC(=O)CC[C@]34C)[C@@H]1CC[C@@H]2O,IC50,0.05,nM,10.3,0,290.45,35.47,0.67,6.34,27.62,3.96
CC#C[C@]1(O)CC[C@H]2[C@@H]3CCC4=CC(=O)CCC4=C3[C@H](C[C@]12C)c5ccc(cc5)N(C)C,IC50,7.8,nM,8.11,1,429.6,18.87,0.35,2.7,20,5.41
C[C@]12CC[C@H]3[C@@H](CC[C@H]4CC(=O)CC[C@]34C)[C@@H]1CC[C@@H]2O,IC50,2.1,nM,8.68,0,290.45,29.88,0.56,4.72,23.26,3.96
CC#C[C@]1(O)CC[C@H]2[C@@H]3CCC4=CC(=O)CCC4=C3[C@H](C[C@]12C)c5ccc(cc5)N(C)C,IC50,5,nM,8.3,1,429.6,19.32,0.35,2.89,20.48,5.41
C[C@H]1C[C@@H]2[C@H](CC[C@@]3(C)[C@H]2CC[C@]3(OC(=O)C)C(=O)C)[C@@]4(C)CCC(=O)C=C14,IC50,6.1,nM,8.21,0,386.53,,,,,4.66
Cc1c(C)c(ccc1O)c2ccc(C#N)n2C,IC50,4.9,nM,8.31,0,226.28,36.72,0.67,5.42,16.98,2.89
Cn1c(ccc1c2ccc(O)cc2Cl)C#N,IC50,1.4,nM,8.85,0,232.67,38.05,0.76,5.93,18.09,2.92
C[C@]12CC[C@H]3[C@@H](CCC4=CC(=O)CC[C@]34C)[C@@H]1CC[C@@H]2O,IC50,2.7,nM,8.57,0,288.43,29.71,0.56,4.69,22.97,3.88
CC#C[C@]1(O)CC[C@H]2[C@@H]3CCC4=CC(=O)CCC4=C3[C@H](C[C@]12C)c5ccc(cc5)N(C)C,IC50,6.9,nM,8.16,1,429.6,19,0.35,2.75,20.13,5.41
CC#C[C@]1(O)CC[C@H]2[C@@H]3CCC4=CC(=O)CCC4=C3[C@H](C[C@]12C)c5ccc(cc5)N(C)C,IC50,5,nM,8.3,1,429.6,,,,,5.41
C[C@@H]1N(CC[C@]1(C)O)c2ccc(C#N)c(F)c2C,IC50,0.29,nM,9.54,0,248.3,38.41,0.72,7.18,20.18,2.36
CC1(C)NC(=O)N(C1=O)c2ccc(c(c2)C(F)(F)F)[N+](=O)[O-],IC50,9,nM,8.05,0,317.22,25.36,0.5,5.6,8.69,2.45
CC#C[C@]1(O)CC[C@H]2[C@@H]3CCC4=CC(=O)CCC4=C3[C@H](C[C@]12C)c5ccc(cc5)N(C)C,IC50,8.8,nM,8.06,1,429.6,18.75,0.34,2.65,19.87,5.41
CC#C[C@]1(O)CC[C@H]2[C@@H]3CCC4=CC(=O)CCC4=C3[C@H](C[C@]12C)c5ccc(cc5)N(C)C,IC50,6.9,nM,8.16,1,429.6,19,0.35,2.75,20.13,5.41
CC#C[C@]1(O)CC[C@H]2[C@@H]3CCC4=CC(=O)CCC4=C3[C@H](C[C@]12C)c5ccc(cc5)N(C)C,IC50,6.9,nM,8.16,1,429.6,19,0.35,2.75,20.13,5.41
CC#C[C@]1(O)CC[C@H]2[C@@H]3CCC4=CC(=O)CCC4=C3[C@H](C[C@]12C)c5ccc(cc5)N(C)C,IC50,6.9,nM,8.16,1,429.6,19,0.35,2.75,20.13,5.41
C[C@]12CC[C@H]3[C@@H](CCC4=CC(=O)CC[C@]34C)[C@@H]1CC[C@@H]2O,IC50,3.9,nM,8.41,0,288.43,29.15,0.55,4.53,22.54,3.88
CC#C[C@]1(O)CC[C@H]2[C@@H]3CCC4=CC(=O)CCC4=C3[C@H](C[C@]12C)c5ccc(cc5)N(C)C,IC50,1,nM,9,1,429.6,,,,,5.41
CC#C[C@]1(O)CC[C@H]2[C@@H]3CCC4=CC(=O)CCC4=C3[C@H](C[C@]12C)c5ccc(cc5)N(C)C,IC50,5,nM,8.3,1,429.6,,,,,5.41
